<?xml version="1.0" encoding="UTF-8"?>
<site>
   <description url="http://subclipse.tigris.org/update_1.8.x">
      Eclipse Install/Update site for Subclipse
   </description>
   <feature url="features/org.tigris.subversion.subclipse.mylyn_3.0.0.jar" id="org.tigris.subversion.subclipse.mylyn" version="3.0.0">
      <category name="Subclipse"/>
   </feature>
   <feature url="features/com.collabnet.subversion.merge.feature_3.0.13.jar" id="com.collabnet.subversion.merge.feature" version="3.0.13">
      <category name="Subclipse"/>
   </feature>
   <feature url="features/org.tigris.subversion.clientadapter.feature_1.8.6.jar" id="org.tigris.subversion.clientadapter.feature" version="1.8.6">
      <category name="Subclipse"/>
   </feature>
   <feature url="features/org.tigris.subversion.clientadapter.javahl.feature_1.7.10.jar" id="org.tigris.subversion.clientadapter.javahl.feature" version="1.7.10">
      <category name="Subclipse"/>
   </feature>
   <feature url="features/org.tigris.subversion.subclipse_1.8.22.jar" id="org.tigris.subversion.subclipse" version="1.8.22">
      <category name="Subclipse"/>
   </feature>
   <feature url="features/org.tigris.subversion.subclipse.graph.feature_1.1.1.jar" id="org.tigris.subversion.subclipse.graph.feature" version="1.1.1">
      <category name="Subclipse"/>
   </feature>
   <feature url="features/org.tigris.subversion.clientadapter.svnkit.feature_1.7.9.2.jar" id="org.tigris.subversion.clientadapter.svnkit.feature" version="1.7.9.2">
      <category name="SVNKit"/>
   </feature>
   
   <feature url="features/org.tmatesoft.svnkit_1.7.9.r9659_v20130411_2103.jar" id="org.tmatesoft.svnkit" version="1.7.9.r9659_v20130411_2103">
      <category name="SVNKit"/>
   </feature>

   <feature url="features/net.java.dev.jna_3.4.0.t20120117_1605.jar" id="net.java.dev.jna" version="3.4.0.t20120117_1605">
      <category name="SVNKit"/>
   </feature>

   <category-def name="Subclipse" label="Subclipse">
      <description>
         Subversion 1.7 plug-in for Eclipse 3.2 and higher.
      </description>
   </category-def>
   <category-def name="SVNKit" label="SVNKit">
      <description>
         SVNKit Library support for Subversion 1.7.x API
      </description>
   </category-def>
</site>
